customer_name,Total_Orders,Revenue
Wridesh Om,19,1695800.0
Triveni Kothari,27,1623600.0
Radhika Bath,26,1408100.0
Jairaj Oommen,11,1120600.0
Vritti Krishnamurthy,16,1118100.0
Yamini Sandal,26,1105700.0
Ishaan Kumer,15,1085300.0
Bina Suri,27,1057300.0
Garima Thaker,20,1021900.0
Ekani Rao,21,967100.0
Guneet Varughese,16,953300.0
Amol Trivedi,23,946100.0
Ikshita Majumdar,10,936100.0
Mugdha Varkey,13,928300.0
Faris Ahluwalia,13,927100.0
Brijesh Toor,15,916300.0
Charles Sinha,21,904800.0
Amara Puri,16,885300.0
Orinder Behl,18,878900.0
Jeevika Sarma,14,872500.0
Praneel Grewal,14,846200.0
Aachal Manne,22,844300.0
Tejas Kunda,12,842600.0
Yachana Divan,18,826600.0
Saumya Tiwari,12,824000.0
Balhaar Raval,13,818800.0
Samaksh Bera,27,818600.0
Inaya Ganesan,14,817600.0
Amol Talwar,14,816000.0
Suhani Rattan,25,814200.0
Adya Verma,12,805700.0
Darika Raju,17,802000.0
Anvi Shenoy,11,799500.0
Baljiwan Bawa,20,797900.0
Abdul Kothari,34,797800.0
Harrison Shankar,15,793200.0
Chandran Kapoor,19,782200.0
Pahal Anand,20,778300.0
Niharika Nair,23,775700.0
Nilima Menon,17,770900.0
Odika Sandal,17,769900.0
Girish Mishra,13,768400.0
Mekhala Gera,22,764300.0
Ekta Borde,22,760900.0
Nidra Pandit,10,759600.0
Nicholas Walla,19,748000.0
Tanveer Arora,11,745100.0
Ishita Thaker,14,741800.0
Ikshita Kohli,20,741400.0
Saanvi Suresh,22,740700.0
Daniel Batta,19,739000.0
Omkaar Parekh,15,738300.0
Mitesh Krishnamurthy,23,731400.0
Advaith Magar,19,730300.0
Harish Narasimhan,23,729000.0
Krish Upadhyay,13,725400.0
Varsha Kala,21,723600.0
Ekta Sanghvi,8,721400.0
Yauvani Basu,16,721100.0
Jonathan Prasad,19,717600.0
Chakrika Mane,23,715900.0
Anika Golla,11,714300.0
Abhiram Yogi,15,711600.0
Aarini Gaba,13,709900.0
Vanya Kuruvilla,12,708200.0
Anjali Shere,16,704100.0
Saumya Gour,14,703600.0
Damyanti Swaminathan,11,695500.0
Balveer Konda,13,688000.0
Mugdha Dixit,24,683700.0
Udant Korpal,10,683300.0
Theodore Dora,15,681600.0
Vihaan Taneja,15,679100.0
Ekta Ram,15,678700.0
Madhav Prashad,24,676200.0
Yagnesh Sodhi,19,674100.0
Priya Mishra,11,673700.0
Vritti Loke,10,671200.0
Advika Dugar,16,670100.0
Caleb Choudhury,20,669400.0
Irya Korpal,17,659600.0
Dalaja Madan,16,659300.0
Jagat Chokshi,22,655300.0
Ekani Mohanty,10,648700.0
Arjun Warrior,14,641800.0
Faras Samra,11,641800.0
Turvi Palan,16,639600.0
Kala Gaba,19,638800.0
Mason Kala,19,636400.0
Kamya Loke,20,625900.0
Indali Ravel,14,621200.0
Shivansh Tiwari,12,620000.0
Raksha Brar,16,618800.0
Bimala Kamdar,12,614900.0
Falguni Pai,15,613300.0
Vedhika Brar,19,612700.0
Daksh Taneja,16,610200.0
Pratyush Hans,17,609300.0
Jackson Dugar,12,608500.0
Oliver Raman,15,604600.0
Chanakya Karnik,24,602500.0
Anjali Date,20,599900.0
Krisha Sengupta,12,598700.0
Noah Master,20,597600.0
Shivani Radhakrishnan,13,592200.0
Chavvi Dugar,7,588700.0
Harrison Nayak,18,586300.0
Brijesh Sarkar,8,585600.0
Aadi Varghese,19,583500.0
Ekapad Singhal,9,581500.0
Nachiket Sarin,8,581000.0
Nikita Karnik,11,580900.0
Ubika Dhillon,23,580800.0
Chavvi Zachariah,15,576800.0
Balendra Bail,14,574800.0
Keya Sur,19,571900.0
Zansi Narula,8,571200.0
Rajeshri Bhatia,25,568400.0
Manthan Chand,15,564200.0
Bakhshi Sundaram,22,563500.0
Triveni Dugar,15,563100.0
Victor Purohit,14,560900.0
Vanya Krishnan,12,560300.0
Osha Ganesh,18,551800.0
Harrison Pillay,18,550600.0
Kamala Bhavsar,12,550400.0
Urvi Kumar,18,550100.0
Hredhaan Dasgupta,10,546900.0
Neha Dara,11,544500.0
Triveni Saraf,22,544400.0
Barkha Gulati,19,541500.0
Urmi Buch,11,539500.0
Krishna Sarraf,11,537800.0
Samaksh Karnik,19,536300.0
Michael Batra,10,534800.0
Ryan Kothari,11,532900.0
Aayush Ganguly,10,532900.0
Anay Bali,12,531800.0
Nitesh Muni,12,530600.0
Kamala Walla,17,530400.0
Aahana Rajagopal,19,528100.0
Shaurya Mangal,29,526000.0
Agastya Shankar,6,525700.0
Neha Murty,12,522500.0
Waida Goel,12,520700.0
Rachita Sani,6,519800.0
David Rajan,19,514400.0
Madhav Sampath,7,514300.0
Kritika Cheema,18,514100.0
Dev Kashyap,14,513900.0
Gavin Rai,17,513500.0
Samesh Walla,10,509700.0
Vidhi Rana,12,509300.0
Matthew Taneja,5,508700.0
Chakradev Peri,10,507600.0
Yauvani Walla,20,506900.0
Girish Andra,9,505500.0
Rayaan Ranganathan,13,503100.0
Chakradhar Prasad,11,502300.0
Falak Chaudhari,11,500000.0
Aashi Chandra,15,494000.0
Arjun Kohli,13,493900.0
Rachana Mital,17,493700.0
Yauvani Mander,7,493000.0
Ayushman Kaur,11,492700.0
Triya Anne,23,492400.0
Aarav Rau,9,485400.0
Vansha Gandhi,14,485200.0
Naveen Pillai,16,485100.0
Ayushman Aggarwal,13,481900.0
Maanav Hegde,14,481700.0
Geetika Narain,15,477600.0
Aryan Solanki,9,477200.0
Upasna Biswas,14,477200.0
Neelima Desai,10,473200.0
Manbir Sarraf,15,472800.0
Mohammed Kuruvilla,8,472200.0
Krisha Sharma,12,471600.0
Arjun Raval,8,471400.0
Ucchal Mall,18,470300.0
Jeremiah Patla,13,470200.0
Viraj Comar,15,466900.0
Warjas Mody,13,465000.0
Anirudh Deol,13,464100.0
Jyoti Ramakrishnan,15,462600.0
Zayyan Gour,18,461800.0
Vamakshi Nayar,12,460200.0
Pahal Wagle,7,458500.0
Tristan Dewan,11,457700.0
Bimala Sinha,16,457200.0
Lopa Mistry,9,457000.0
Warhi Vasa,9,456600.0
Sanaya Ranganathan,15,456500.0
Ishita Nori,11,455900.0
Zayan Bansal,4,453500.0
Abhimanyu Sankar,16,453300.0
Harshil Doctor,12,452300.0
Omisha Hans,11,451900.0
Harish Reddy,12,451800.0
Urvi Johal,14,449700.0
Aditya Tak,10,448000.0
Pushti Thakkar,7,447473.16
Ayushman Deshpande,23,447300.0
Gagan Walla,8,446500.0
Anika Char,11,446400.0
Falak Bandi,5,446000.0
Nathan Gopal,17,444800.0
Chakrika Prashad,8,443600.0
Nidhi Dass,9,443500.0
Damini Datta,22,442900.0
Osha Suri,12,442000.0
Balendra Jayaraman,16,439500.0
Tripti Khurana,23,435400.0
Jeevika Sridhar,17,434800.0
Sanaya Banerjee,19,433200.0
Max Parmer,9,432000.0
Gaurav Narayan,13,431700.0
Lekha Wadhwa,14,431300.0
Vedant Ramesh,14,428800.0
Warda Hayre,15,428800.0
Qabil Kar,18,426800.0
Ira Chaudhuri,6,425500.0
Varsha Sahota,16,425000.0
Gaurang Shenoy,13,424200.0
Vaishnavi Lad,15,421500.0
Bhavna Gala,8,420100.0
Amrita Menon,7,419400.0
Vivaan Rama,14,417300.0
Inaya Madan,19,416800.0
Kamala Dhingra,14,416200.0
Varenya Arora,13,415300.0
Damini Narayan,7,414500.0
Harish Wable,15,414100.0
Aarush Goswami,10,413500.0
Gautam Johal,12,411800.0
Lucky Varghese,14,409600.0
Yug Lala,6,409000.0
Omaja Vig,9,408500.0
Matthew Kar,8,408300.0
Ekapad Chand,14,408000.0
Ayush Lata,16,406700.0
Atharv Subramaniam,8,405700.0
Chaaya Babu,9,405400.0
Lakshmi Seth,10,404100.0
Deepa Ben,15,403900.0
Lipika Toor,12,403100.0
Thomas Bath,13,403000.0
Neha Sankar,5,402500.0
Fiyaz Oommen,10,402300.0
Chanakya Sura,11,398900.0
Reva Arora,14,397100.0
Yochana Bhavsar,20,396200.0
Sudiksha Lata,7,394100.0
Chasmum Maharaj,9,393900.0
Mohini Goyal,4,391700.0
Vivaan Edwin,4,389600.0
Naveen Sahota,23,389000.0
Warinder Bhalla,15,386000.0
Aditya Krishna,10,385600.0
Anika Rastogi,14,383700.0
Barkha Shetty,11,383500.0
Geetika Mahajan,10,382400.0
Karan Gola,13,381600.0
Samesh Mand,12,380700.0
Ekavir Parsa,14,379600.0
Urvi Cheema,6,379600.0
Noah Pall,7,376500.0
Rachana Ganguly,11,376500.0
Raghav Raju,26,373700.0
Girik Choudhry,10,373600.0
Upadhriti Kapoor,10,373000.0
Ridhi Ravel,15,372000.0
Chatura Mandal,8,371700.0
Omkaar Grewal,19,371000.0
Theodore Ramaswamy,9,370500.0
Falan Narasimhan,13,370300.0
Waida Lall,13,370100.0
Aadhya Karpe,9,369000.0
Jackson Gara,11,368600.0
Ubika Samra,7,367700.0
Isha Randhawa,14,367000.0
Bina Sastry,17,364600.0
Quincy Rajagopal,13,364600.0
Farhan Mahal,18,363300.0
Rehaan Kalla,11,360700.0
Irya Bains,9,360300.0
Ishita Chana,14,359900.0
Qarin Prasad,12,359700.0
Kritika Babu,12,359600.0
Rajata Bedi,12,358400.0
Vihaan Minhas,21,358100.0
Sneha Desai,11,357100.0
Christopher Rajagopalan,6,356800.0
Ayush Mandal,8,356400.0
Madhavi Kant,18,356300.0
Advik Samra,17,355100.0
Parth Kapoor,9,354600.0
Luke Sodhi,11,353600.0
Pranit Zacharia,9,353200.0
Daniel Sarna,18,352300.0
Anmol Kale,7,351100.0
Lekha Chawla,7,350700.0
Pooja Agarwal,10,349900.0
Janani Shroff,12,349900.0
Warda Batra,11,349700.0
Warda Raj,12,349000.0
David Chanda,10,349000.0
Peter Ghosh,16,348300.0
Oscar Nayar,8,347800.0
Balveer Kannan,10,347000.0
Karan Bhagat,7,346000.0
Samarth Balakrishnan,13,345900.0
Ucchal Tata,15,345500.0
George Bal,12,344700.0
Rachit Gour,6,344000.0
Harini Kulkarni,13,342800.0
Gayathri Panchal,5,342500.0
Brijesh Sinha,5,342000.0
Advik Baral,11,340900.0
Yasti Deshpande,10,340100.0
Ekiya Memon,11,340100.0
Waida Tripathi,13,339100.0
Sudiksha Nayar,7,337600.0
Jyoti Bhandari,10,336000.0
Nidra Minhas,7,335700.0
Sanaya Srivastava,9,334600.0
Nathan Mammen,11,334300.0
Priya Nazareth,17,333900.0
Manbir Chand,23,332300.0
Om Mannan,4,332000.0
Dayamai Mannan,14,331500.0
William Varughese,8,328900.0
Zarna Mohan,10,328700.0
Karan Kashyap,19,326500.0
Yauvani Kulkarni,9,325900.0
Yadavi Saxena,10,325000.0
Jeet Buch,27,324900.0
Eta Oza,11,323900.0
Falan Shenoy,15,323700.0
Urmi Chadha,9,323500.0
Bishakha Agrawal,15,322900.0
Gautam Bansal,14,322500.0
Saanvi Som,8,322500.0
Widisha Dora,7,321600.0
Andrew Chauhan,9,320700.0
Devansh Chad,9,320300.0
Harish Loke,9,318900.0
Vincent Iyer,8,318900.0
Anvi Banerjee,8,318500.0
Sai Muni,15,318400.0
Madhavi Gandhi,13,314500.0
Jason Tak,10,313300.0
Mekhala Manne,7,312700.0
Jason Karpe,6,312500.0
Zaitra Basu,6,312000.0
Gaurav Pandey,13,311900.0
Kamala Rastogi,11,311300.0
Vasatika Hayer,8,311100.0
Nidra Murty,15,311100.0
Avi Korpal,12,310800.0
Logan Bhasin,5,309700.0
Baljiwan Aurora,15,309600.0
Omaja Sibal,17,309200.0
Gabriel Ramaswamy,17,309100.0
Dhriti Agarwal,10,308900.0
Chameli Devan,10,307000.0
Yash Sarkar,6,307000.0
Ishwar Sule,6,304500.0
Anthony Chakraborty,5,304100.0
Omkaar Master,20,304000.0
Wazir Chopra,8,303500.0
Udant Shanker,20,303000.0
Eshana Lad,19,302400.0
Chandresh Mand,8,300700.0
Netra Raja,12,300300.0
Bimala Goyal,12,300200.0
Oliver Swamy,14,299900.0
Pooja Mall,14,299100.0
Bishakha Naidu,10,299100.0
Krisha Pau,13,298600.0
Daniel Hayer,5,298600.0
Ekiya De,6,298000.0
Dhruv Nadig,12,297400.0
Bachittar Shanker,9,297300.0
Yashvi Deshpande,5,297000.0
Deepa Ramesh,9,295100.0
Pratyush Batra,12,294900.0
Amara Sami,12,294800.0
Dalbir Lalla,13,294800.0
Triya Bora,17,294000.0
Kai Bhardwaj,10,293500.0
Irya Kant,8,293000.0
Adweta Raman,11,293000.0
Bhavani Kaul,3,291600.0
Logan Pal,14,289200.0
Samesh Mannan,18,288300.0
Pallavi Wason,11,286500.0
Yashvi Guha,18,286000.0
Rishi Malhotra,5,285600.0
Ojasvi Tak,10,285300.0
Jairaj Wali,5,285200.0
Simon Din,5,284000.0
Forum Singh,2,282500.0
Naveen Kamdar,8,282100.0
Chatura Singhal,13,282000.0
Harinakshi Kala,9,281200.0
Bhavani Ghosh,3,280000.0
Fitan Parikh,2,279000.0
Jacob Parmer,10,277300.0
Vinaya Keer,2,276600.0
Ryan Chatterjee,10,275300.0
Urvashi Agarwal,8,274900.0
Ekansh Goel,13,274400.0
Dominic Talwar,12,274100.0
Girik Bath,11,273600.0
Veda Jha,9,273200.0
Kritika Dutta,16,272900.0
Bhavya Khanna,10,272800.0
Advay Sharaf,13,271000.0
Anjali Puri,9,270900.0
Omya Narayan,16,270400.0
Pranit Sama,14,269900.0
Ishanvi Deshmukh,8,269800.0
Jagvi Dey,9,269600.0
Osha Rattan,9,269100.0
Avni Gupta,14,268900.0
Zilmil Dani,16,268400.0
Nicholas Patla,12,268300.0
Yashoda Parikh,10,267900.0
Gunbir Choudhry,15,266300.0
Shaurya Pant,11,266300.0
Hemani Mohanty,13,265500.0
Kamya Viswanathan,17,265400.0
Ronith Ramaswamy,12,265400.0
Vyanjana Sha,6,265100.0
Brinda Nadig,8,263800.0
Pahal Dhawan,11,263700.0
Kala Hans,7,263400.0
Nachiket Manda,12,263400.0
Pranit Subramaniam,8,262900.0
Gautam Patel,9,262100.0
Devika Kamdar,16,261900.0
Gabriel Sarin,8,261500.0
Aryan Mitter,12,258200.0
Andrew Sanghvi,10,257900.0
Dominic Toor,18,257500.0
Chatresh Bumb,6,257400.0
Bhavna Pall,7,256500.0
Jacob Patla,7,256000.0
Ojas Chadha,14,255800.0
Bina Ramaswamy,10,255500.0
Daksha Naidu,5,254300.0
Upadhriti Dugal,10,253900.0
Gaurang Dhingra,15,253900.0
Yatan Chander,7,253800.0
Kashvi Prabhu,8,253700.0
Sanaya Mohanty,7,253500.0
Yochana Agate,9,253400.0
Chatresh Bhattacharyya,20,252600.0
Vamakshi Iyer,13,252200.0
Gautami Chakraborty,16,251600.0
Bhavya De,15,250600.0
Ekantika Varkey,14,250400.0
Dakshesh Parmar,7,250000.0
Darika Lanka,10,249600.0
Osha Batta,5,248800.0
Oni Seth,11,247300.0
Ishani Sachar,16,246900.0
Baljiwan Badal,12,246100.0
Zayan Raja,6,245700.0
Daniel Subramanian,17,245600.0
Jason Raju,8,245400.0
Aadi Mandal,8,244300.0
Vedhika Sekhon,9,244200.0
Qadim Dugar,5,243500.0
Faraj Bobal,9,242900.0
Samarth Samra,3,242500.0
Umang Pall,6,242000.0
Gaurav Dave,11,241600.0
Anthony Deep,5,241000.0
Azad Nori,5,240800.0
Mitesh Rajagopalan,10,240600.0
Amaira Joshi,9,240300.0
Robert Soni,8,240100.0
Bhanumati Deep,17,239900.0
Anvi Pal,13,239000.0
Chanakya Chokshi,12,238100.0
Arya Pal,12,238000.0
Onkar Nazareth,6,236900.0
Maanav Upadhyay,15,236200.0
Ethan Arya,6,235500.0
Samuel Balasubramanian,6,233300.0
Omkaar Palla,22,233200.0
Waida Patla,12,232300.0
Ekaraj Nagy,9,232300.0
Harish Barman,7,231200.0
Samar Oza,10,229800.0
Anjali Nazareth,18,229800.0
Yashica Nori,11,229600.0
Hritik Johal,14,228800.0
Chanakya Ramesh,9,227700.0
Rishi Mukhopadhyay,11,226100.0
Aayush Ravi,9,225800.0
Kamala Kala,9,224700.0
Chaaya Basu,8,223200.0
Frado Chand,7,222800.0
Ekapad Ganguly,3,222800.0
Tristan Kothari,15,221100.0
Nidhi Keer,11,220900.0
Tanish Dey,6,218000.0
Janya Nigam,10,216900.0
Dhruv Lad,9,216400.0
Vrishti Rattan,10,215800.0
Zansi Tailor,11,215300.0
Xiti Dar,7,213800.0
Patrick Bail,6,212200.0
Meghana Goel,10,212200.0
Madhav Lala,15,211000.0
Gautam Maharaj,10,210700.0
Daksh Dora,12,210700.0
Shivansh Panchal,9,210200.0
Rishi Dani,10,210100.0
Luke Bahl,8,210100.0
Adweta Mahal,11,209500.0
Rayaan Dewan,13,208500.0
Watika Murthy,11,206600.0
Chaitanya Naik,6,206400.0
Indira Kala,11,206200.0
Yahvi Rastogi,9,205600.0
Chakradev Barman,13,205300.0
Chandran Borah,16,204200.0
Nakul Sen,15,203900.0
Geetika Bose,11,203800.0
Yashica Chaudry,9,203600.0
Balvan Sundaram,10,202500.0
Logan Merchant,13,202400.0
Vidhi Sani,15,201900.0
Gayathri Saini,11,200500.0
Anthony Ganesh,14,199900.0
Ekalinga Palla,7,199500.0
Madhav Shere,10,198100.0
Aditya Edwin,10,198000.0
Agastya Krish,5,197800.0
Ishani Viswanathan,17,197500.0
Ayushman Chaudhari,11,197100.0
Sara Pall,4,196200.0
Ekapad Guha,16,195500.0
Meghana Sharma,8,195500.0
Chanakya Pillay,10,194800.0
Chatura Borde,16,194300.0
Bahadurjit Mitra,6,193800.0
Sneha Dutta,6,192800.0
Charan Iyengar,8,192500.0
Kalpit Mane,12,192400.0
Darika Kapadia,9,191300.0
Abdul Tiwari,7,190200.0
Christopher Virk,4,188500.0
Nitesh Mane,4,188500.0
Wahab Ben,10,187900.0
Joshua Nadig,20,187800.0
Dayamai Chaudry,11,187400.0
Dalbir Sarkar,8,187100.0
Keya Sachdeva,12,186300.0
Ethan Narula,12,185400.0
Qasim Konda,3,185000.0
Abdul Gala,12,184700.0
Rudra Shan,4,184000.0
Dhriti Mittal,8,183500.0
Jhalak Tank,14,183300.0
Sara Buch,16,182800.0
Veer Kala,6,182000.0
Rachana Sur,8,181800.0
Fiyaz Oak,6,181800.0
Mason Radhakrishnan,3,181500.0
Darsh Som,8,181200.0
Gaurangi Bandi,17,181100.0
Waida Morar,11,181000.0
Tripti Khare,4,180000.0
Aadi Mannan,5,179600.0
Nathaniel Brahmbhatt,8,179000.0
Eshana Agrawal,3,178500.0
Chandresh Chaudry,9,178300.0
Umang Kant,4,177900.0
Anita Narula,6,177200.0
Yutika Bhatnagar,4,177000.0
Lucky Ray,8,176100.0
Adya Lalla,4,175600.0
Farhan Dara,9,174700.0
Lucky Cherian,18,174500.0
Rishi Iyengar,7,174500.0
Ekani Choudhry,17,174000.0
Adya Subramaniam,13,173700.0
Nimrat Kade,14,173100.0
Mahika Sehgal,7,173000.0
Gaurangi Dalal,4,172400.0
Simon Khurana,9,171600.0
Rachana Sibal,7,171400.0
Tristan Virk,10,171000.0
Faras Dyal,3,170100.0
Gayathri Nagarajan,8,169100.0
Chaitaly Tak,9,169000.0
Qushi Doctor,8,168900.0
Ronith Ben,9,168200.0
Champak Yohannan,2,167400.0
Chatresh Kata,7,167100.0
Amol Suri,9,167100.0
Zaid Batra,6,167100.0
Warhi Naidu,12,166800.0
Aishani Randhawa,7,166000.0
Abhimanyu Choudhury,6,165500.0
Sanaya Tailor,8,164400.0
David Pandey,12,163800.0
Maanav Padmanabhan,10,163200.0
Quincy Dada,7,163000.0
Kritika Andra,11,159500.0
Watika Aggarwal,7,159200.0
Gaurangi Bhagat,8,158200.0
Jasmit Zacharia,11,158200.0
Bhanumati Taneja,9,158100.0
Ladli Kapoor,11,157500.0
Varsha Viswanathan,10,157400.0
Amruta Vaidya,14,156400.0
Naveen Talwar,6,156000.0
Thomas Patla,13,155700.0
Naveen Datta,6,155600.0
Thomas Bobal,8,155500.0
Zehaan Kalita,17,155400.0
Upkaar Sekhon,10,154800.0
Lopa Yogi,3,154800.0
Qarin Kaur,6,154700.0
Sai Dewan,5,154600.0
Chakradev Vohra,13,154000.0
Anamika Dua,12,153400.0
Falan Narang,8,153200.0
Jeet Kaur,6,153000.0
Bhavna Balasubramanian,9,152600.0
Vihaan Gupta,14,152300.0
Gayathri Ramakrishnan,12,152200.0
Chaaya Parikh,6,151500.0
Dalaja Bansal,9,150900.0
Oviya Ratti,10,150400.0
Maanav Kapoor,9,150200.0
Ojasvi Zacharia,12,150100.0
Omya Varma,11,149400.0
Manbir Narain,10,149300.0
Netra Baria,7,148800.0
Bhavini Baria,12,148100.0
Falak Bahri,10,147500.0
Varsha Tara,7,147500.0
Raghav Gade,6,147500.0
Yoshita Jha,8,147500.0
Krish Vaidya,10,146500.0
Wishi Ghose,5,145900.0
Widisha Pall,6,145700.0
Tanmayi Ravel,7,145500.0
Gaurangi Jain,10,144900.0
Samesh Gola,8,144800.0
Wriddhish Mishra,8,144500.0
Dayita Ramaswamy,7,142500.0
Peter Krish,8,142300.0
Nidhi Ravi,5,142000.0
Aarini Ganguly,7,140800.0
Ekalinga Pandey,11,140500.0
Elijah Sodhi,8,140400.0
Megha Sethi,15,140000.0
Dakshesh Shukla,7,139100.0
Shaurya Mane,6,138200.0
Fiyaz Dhawan,10,137900.0
Abeer Bawa,6,136600.0
Laban Chawla,14,136400.0
Ranveer Sidhu,8,136400.0
Mitali Choudhury,4,136200.0
Zaid Shah,8,135900.0
Patrick Nazareth,6,135500.0
Amruta Thaker,14,135100.0
Lakshit Comar,4,135000.0
Harinakshi Swaminathan,14,134500.0
Janani Bajwa,9,134400.0
Dhruv Andra,11,133100.0
Vyanjana Chand,5,132800.0
Kamala Mahal,4,132800.0
Sara Swaminathan,8,132000.0
Pranit Bansal,8,131900.0
Robert Sinha,7,131700.0
Raghav Jaggi,15,131400.0
Sneha Kamdar,4,131100.0
Urvashi Raman,5,131100.0
Onkar Mukhopadhyay,10,130800.0
Indrajit Dua,6,130800.0
Yatin Tata,12,129600.0
Girish Sehgal,11,129500.0
Pooja Gole,12,129300.0
Anamika Kota,12,129000.0
Kamala Bora,10,128600.0
Ria Kalita,10,127400.0
Guneet Tailor,8,127100.0
Yutika Swamy,4,126500.0
Sara Madan,12,126200.0
Jack Toor,6,126200.0
Raksha Pau,4,124600.0
Utkarsh Karnik,12,123200.0
Vedant Contractor,5,123000.0
Sachi Srinivasan,8,122700.0
Henry Wali,8,122400.0
Kai Jhaveri,9,122300.0
Pranav Tank,16,122300.0
Harish Sibal,3,120500.0
Harita Pandey,8,119200.0
Agastya Sanghvi,9,118400.0
Hamsini Balakrishnan,2,117500.0
Ekantika Banerjee,4,117500.0
Ikshita Kulkarni,4,117300.0
Ekalinga Sood,4,116700.0
Pranav Shukla,4,116500.0
Waida Kanda,16,114900.0
Darsh Mistry,4,114600.0
Hiral Ganesan,13,113900.0
Aachal Koshy,10,112400.0
Watika Srinivasan,2,112000.0
Nisha Rau,5,111800.0
Aarna Bhatti,14,111600.0
Ekantika Madan,6,111500.0
Aashi Dugar,11,110400.0
Irya Chana,5,110000.0
Jasmit Garde,7,109900.0
Siya Agate,5,108500.0
Eiravati Nath,9,107700.0
Dhriti Ray,9,107600.0
Yamini Nagar,5,106000.0
Damini Talwar,15,105300.0
Bhavika Zacharia,10,103600.0
Akshay Savant,3,103000.0
Yahvi Dara,12,102600.0
Tara Andra,5,102500.0
Abhimanyu Kashyap,8,100600.0
Dayamai Mangat,7,98500.0
Laksh Dugar,6,98100.0
Samesh Gupta,11,96100.0
Advay Parikh,7,94300.0
Harini Dixit,9,93700.0
Sathvik Borah,8,93700.0
Sai Ahuja,12,93200.0
Utkarsh Ratta,14,91200.0
Ucchal Sunder,5,90900.0
Daksha Khatri,16,90400.0
Krisha Kapadia,12,90100.0
Gunbir Pandey,2,90000.0
Suhani Som,6,90000.0
Hemang Walla,3,89500.0
Anmol Pandit,7,89300.0
Megha Kunda,5,89000.0
Unni Gera,4,88800.0
Indali Ben,5,87800.0
Gauri Jha,8,87300.0
Anvi Rao,10,86900.0
Shravya Koshy,6,86800.0
Aarna Varghese,8,86600.0
Ojasvi Bhagat,8,86500.0
Qasim Khosla,6,86200.0
Ekani Korpal,8,86100.0
Jeremiah Pandey,7,86000.0
Jacob Dewan,9,85600.0
Devansh Dua,6,85200.0
Ucchal Raghavan,10,83100.0
Mekhala Dugal,8,81900.0
Pranit Sem,8,81800.0
Aarav Lad,8,81600.0
Diya Balakrishnan,10,79500.0
Onkar Tailor,10,79100.0
Aachal Tailor,17,78100.0
Banjeet Sinha,9,77800.0
Irya Sama,5,76500.0
Yoshita Choudhry,2,75700.0
Ojas Chaudhry,6,75400.0
Rudra Manne,11,74200.0
Hitesh Raman,5,74100.0
Dhruv Jayaraman,13,73700.0
Hema Mitra,6,73500.0
Xalak Narayanan,11,72700.0
Ayush Iyengar,8,72400.0
Forum Keer,5,72200.0
Anthony Talwar,4,71700.0
Chanchal Warrior,12,71500.0
Udarsh Comar,11,71100.0
Nathan Shah,4,70200.0
Lekha Ramachandran,2,70000.0
Mohammed Sandhu,5,69600.0
Panini Aggarwal,7,69500.0
Yug Rau,9,69200.0
Chaitanya Padmanabhan,4,68800.0
Oni Mukhopadhyay,11,68600.0
Nitara Bawa,3,67000.0
Vedhika Chhabra,14,66900.0
Shaurya Bera,10,66600.0
Avi Lala,7,66000.0
Gunbir Raghavan,12,65800.0
Anthony Warrior,6,65800.0
Ojasvi Choudhry,6,65700.0
Jacob Handa,9,65700.0
Bhavini Raju,7,65200.0
Joshua Lal,15,64100.0
Theodore Som,10,63100.0
Vansha Krishnan,9,63100.0
Geetika Halder,5,62200.0
Vanya Banik,3,62200.0
Azaan Purohit,8,61800.0
Urishilla Rajan,5,61500.0
Timothy Prakash,7,61400.0
Oeshi Padmanabhan,14,61300.0
Rachana Dave,7,61200.0
Aishani Doctor,3,61000.0
Watika Natarajan,9,60900.0
Ekaja Bora,5,60700.0
Jack Sekhon,9,60500.0
Ryan Borde,4,60400.0
Harini Krishnamurthy,5,60000.0
Qasim Balay,8,59700.0
Vivaan Bali,13,59600.0
Vidhi Nagarajan,9,59300.0
Oliver Menon,2,59000.0
Vasana Pandey,4,59000.0
William Rattan,6,58700.0
Yash Sama,2,58500.0
Dalaja Sundaram,5,57300.0
Anirudh Sane,10,57300.0
Pratyush Yohannan,5,57000.0
Gaurav Nath,12,56500.0
Imaran Agrawal,8,55500.0
Ishwar Sankar,6,55500.0
Panini Dhillon,8,55300.0
Warhi Das,2,54800.0
Samarth Iyer,10,54500.0
Vedika Dixit,7,54300.0
Ekbal Mutti,10,54100.0
Omya Dhawan,4,54000.0
Bhavika Behl,11,53500.0
Anya Purohit,11,53500.0
Ekalinga Sangha,6,52900.0
Frederick Palan,15,52900.0
Vaishnavi Nadig,17,52300.0
Kamya Jayaraman,7,52200.0
Chakradev Gole,6,52000.0
Peter Kala,8,51300.0
Mahika Lala,8,50100.0
Varsha Nayak,1,50000.0
Ishwar Chand,8,49400.0
Onkar Kannan,7,49200.0
Isha Sood,7,49000.0
Meera Shan,9,48300.0
Bhavani Raval,9,46900.0
Ladli Bhattacharyya,7,46800.0
Shivani Palla,15,46700.0
Ekalinga Kunda,11,46400.0
Vritti Goswami,7,46000.0
Vasatika Pathak,9,45300.0
Chameli Upadhyay,9,44500.0
Brinda Kapoor,7,44500.0
Jyoti Sankar,7,44100.0
Nathaniel Mody,11,42000.0
Jeremiah Vora,3,41000.0
Baghyawati Krishnamurthy,7,40600.0
Faqid Bhatt,9,40200.0
Wishi Bains,6,39700.0
Darika Badal,10,39000.0
Lakshit Bhardwaj,4,38800.0
Ekani Ratta,9,38700.0
Saanvi Anand,7,38700.0
Chatura Walia,6,37900.0
Liam Buch,7,37000.0
Viraj Sanghvi,7,36800.0
Krisha Srivastava,8,36400.0
Anvi Bala,7,36100.0
Anika Ravi,10,36000.0
Udyati Parmar,6,36000.0
Suhani Sachdev,4,34700.0
Agastya Pillay,11,34000.0
William Sen,5,33900.0
Victor Bakshi,10,32800.0
Utkarsh Sheth,7,32600.0
Aadi Mital,3,32400.0
Avi Ganguly,6,31900.0
Robert Karan,3,31500.0
Jacob Kale,5,31500.0
Rayaan Halder,5,31200.0
Vaishnavi Sabharwal,9,31100.0
Inaya Baria,5,30700.0
Pushti Hegde,7,30600.0
Anay Gour,8,30100.0
Darpan Merchant,6,28500.0
Darpan More,2,28200.0
Abhiram Mall,5,27500.0
Peter Nayar,5,27200.0
Kritika Saxena,5,27000.0
Mahika Desai,7,26900.0
Ishaan Sem,4,25900.0
Jagrati Zachariah,6,25700.0
Yauvani Ramachandran,6,25700.0
Urvi Andra,8,25700.0
Kala Raghavan,4,25600.0
Utkarsh Viswanathan,9,25600.0
Kritika Mander,4,25400.0
Lavanya Kohli,7,25200.0
Nandini Radhakrishnan,6,24700.0
Vritti Sant,8,24600.0
Aayush Sarma,6,24400.0
Lakshit Karpe,3,24000.0
Yug Balasubramanian,10,23600.0
Ishani Bhatnagar,3,23300.0
Urmi Khatri,4,22900.0
Ijaya Mahajan,8,22300.0
Liam Amble,3,22000.0
Teerth Nayak,5,21300.0
Devansh Murty,4,21300.0
Kamala Lata,4,21100.0
Kavya Tripathi,3,21000.0
Farhan Thakkar,4,20600.0
Charles Dewan,3,20500.0
Ishanvi Baria,1,20000.0
Lila Minhas,3,20000.0
Urvi Boase,4,19500.0
Dayita Panchal,4,19200.0
Jatin Vasa,4,19000.0
Ayush Kadakia,3,19000.0
Meghana Zacharia,7,18600.0
Aahana Cherian,2,17800.0
Irya Pathak,4,17300.0
Anita Samra,3,16900.0
Christopher Mittal,3,16800.0
Garima Borra,2,16600.0
Darpan Bahl,2,16500.0
Balendra Acharya,5,15700.0
Vamakshi Varty,4,15500.0
Ridhi Chhabra,7,15400.0
Mason Chand,5,15300.0
Pallavi Kar,4,15000.0
Gayathri Dhar,1,15000.0
Krish Sant,3,15000.0
Ishanvi Zachariah,3,14700.0
Nandini Chatterjee,3,13900.0
Gunbir Trivedi,3,13700.0
Parth Chandra,4,13700.0
Unknown,4,13500.0
Madhavi Sandhu,2,13500.0
Onveer Verma,3,13400.0
Logan Das,3,13000.0
Zansi Lata,3,12300.0
Samarth Padmanabhan,2,11500.0
Reva Varughese,2,11500.0
Ikbal Banerjee,3,11300.0
Jack Roy,3,11100.0
Warjas Doctor,2,11000.0
Lucky Barman,3,11000.0
Warjas Ravi,3,10900.0
Leela Shroff,4,10400.0
Anusha Dayal,6,10400.0
George Nayar,4,10100.0
Bakhshi Kohli,1,10000.0
Bahadurjit Manne,1,10000.0
Aashi Naidu,2,10000.0
Daksh Lanka,1,10000.0
Yagnesh Krish,3,9200.0
Madhav Ramaswamy,4,9100.0
Anamika Uppal,3,9100.0
Parth Raja,2,9000.0
Azaan Gara,3,8700.0
Girish Rastogi,3,7800.0
Krisha Sidhu,2,7500.0
Nachiket Bhatt,3,6800.0
Atharv Palla,3,6300.0
Ekani Sood,1,6000.0
Bhavika Mani,1,6000.0
Wriddhish Chander,2,6000.0
Lopa Hayer,1,6000.0
Urmi Kant,2,5800.0
Darpan Bhavsar,2,5800.0
Garima Choudhry,2,5600.0
Kiaan Kumer,3,5200.0
Kala Chacko,2,5000.0
Wyatt Grover,2,5000.0
Shivansh Gupta,3,4000.0
Tripti Bhagat,2,4000.0
Lipika Tank,2,3800.0
Upkaar Singh,1,3600.0
Xalak Chaudhari,2,2800.0
Matthew Bhatt,1,2800.0
Ekaja Bumb,1,2500.0
Christopher Sridhar,2,2100.0
Anita Behl,1,2000.0
Balendra Nanda,1,1200.0
Vidhi Kara,1,1200.0
Ekavir Tella,1,800.0
