customer_id,customer_name,city,signup_date
1,Ayush Palla,Panchkula,2025-07-29
2,Yauvani Mammen,Secunderabad,2026-04-24
3,Wazir Acharya,Bathinda,2025-10-16
4,Nicholas Krish,Varanasi,2025-02-27
5,Upma Suri,Eluru,2025-06-01
6,Unknown,Parbhani,2024-11-22
7,Nidhi Bawa,Bhiwandi,2025-01-05
8,Ekbal Gour,Jehanabad,2025-11-28
9,Ryan Loke,Avadi,2023-12-30
10,Tarak Yadav,Kishanganj,2024-04-17
11,Tara Bhandari,Gandhinagar,2025-06-07
12,Tanvi Bhardwaj,Tirunelveli,2024-12-12
13,Lopa Cheema,Raiganj,2024-01-25
14,Dominic Bhandari,Faridabad,2023-12-11
15,Ekanta Dash,Katni,2025-01-25
16,Yash Lalla,Jaipur,2026-05-05
17,Jacob Butala,Jaipur,2025-07-22
18,Adya Nagy,Jaipur,2023-11-24
19,Krishna Prabhu,Mehsana,2026-02-03
20,Divya Pai,Shimoga,2026-03-21
21,Ishwar Sundaram,Siliguri,2026-02-15
22,Ishanvi Yadav,Fatehpur,2024-04-22
23,Charvi Ratti,Muzaffarpur,2026-03-19
24,Yashvi Mutti,Tirunelveli,2025-11-28
25,Dalbir Banerjee,Bellary,2025-04-29
26,Nathan Lall,Bhiwandi,2023-08-30
27,Oviya Prabhakar,Hajipur,2024-11-18
28,Eiravati Balasubramanian,Delhi,2024-06-15
29,Gaurangi Mand,Kottayam,2025-11-29
30,Kashvi Narain,Morena,2024-01-04
31,Urishilla Ganesh,Bijapur,2024-10-02
32,Aayush Sha,Panvel,2026-04-15
33,Warhi Kothari,Purnia,2026-05-04
34,Abeer Nadkarni,Durgapur,2025-04-14
35,Indrajit Oak,Panchkula,2025-10-25
36,Jeremiah Hora,Ozhukarai,2023-08-16
37,Girik Kothari,Mahbubnagar,2024-08-15
38,Oni Mangat,Ulhasnagar,2024-11-11
39,Faraj Amble,Vasai-Virar,2024-07-25
40,Logan Kurian,Kurnool,2024-06-26
41,Harsh Amble,Hubli–Dharwad,2026-03-21
42,Indali Balan,Chennai,2024-07-20
43,Tripti Bawa,Kota,2023-10-20
44,Januja Khatri,Agartala,2023-12-14
45,Ekta Chana,Tirunelveli,2026-04-14
46,Abeer Boase,Jaunpur,2026-02-24
47,Tamanna Raja,Mirzapur,2024-01-16
48,Janani Rout,Vijayanagaram,2025-04-07
49,Vivaan Devi,Sri Ganganagar,2023-11-15
50,Ikshita Guha,Nagpur,2024-09-25
51,Samuel Tripathi,Bongaigaon,2025-03-04
52,Yash Palla,Pudukkottai,2024-04-29
53,Rayaan Sachar,Indore,2024-02-14
54,Aradhana Oza,Erode,2025-08-24
55,Neel Zacharia,Kochi,2026-06-28
56,Manthan Borde,Bhalswa Jahangir Pur,2024-09-10
57,Akshay Shere,Bardhaman,2025-11-24
58,Anita Dora,Madhyamgram,2025-05-15
59,Jairaj Varma,Medininagar,2025-07-03
60,Dayamai Sama,Bangalore,2024-12-19
61,Jagdish Khanna,Bidar,2026-05-23
62,Chasmum Sahni,Salem,2024-10-05
63,Charita Chatterjee,Amaravati,2023-12-17
64,Harshil Dixit,Saharsa,2026-06-18
65,Reyansh Hegde,Chittoor,2023-10-14
66,Devika Hari,Siwan,2026-03-16
67,Vrishti Borde,Proddatur,2025-03-27
68,Yatin Venkatesh,Sambhal,2024-02-09
69,Ekavir Prashad,Jabalpur,2024-01-18
70,Krishna Apte,Kolkata,2024-03-26
71,Hema Mander,Dibrugarh,2026-02-07
72,Priya Aggarwal,Kochi,2025-12-22
73,Netra Mohan,Surat,2024-09-06
74,Falak Sarraf,Mira-Bhayandar,2025-05-10
75,Balveer Rama,Arrah,2025-10-09
76,Neha Chadha,Malegaon,2025-04-25
77,Geetika Kibe,Ballia,2024-10-08
78,Farhan Prabhu,Cuttack,2025-09-10
79,Reva Natt,Vijayawada,2023-10-18
80,Vedant Kanda,Giridih,2025-03-07
81,Madhavi Prabhu,Dharmavaram,2024-09-29
82,Hemang Sehgal,Amaravati,2024-07-26
83,Gaurang Swamy,Karaikudi,2025-12-21
84,Ridhi Chatterjee,Malda,2024-09-07
85,Aarnav Garg,Amroha,2025-11-09
86,Vasana Goel,Hospet,2026-02-07
87,Laban Minhas,Mirzapur,2023-09-01
88,Kala Edwin,Kirari Suleman Nagar,2026-05-22
89,Janani Lal,Faridabad,2025-07-02
90,Finn Khurana,Siliguri,2025-05-16
91,Unnati Chaudhary,Firozabad,2024-02-25
92,Henry Raja,Nizamabad,2024-05-21
93,Veer Varughese,Shivpuri,2023-09-06
94,Pushti Kata,Sultan Pur Majra,2026-03-10
95,Eta Dhar,Darbhanga,2024-03-07
96,Jasmit Nori,Visakhapatnam,2024-08-30
97,Yauvani Lad,Surendranagar Dudhrej,2026-04-09
98,Charles Raja,Begusarai,2024-08-20
99,Dalaja Sama,Purnia,2025-06-09
100,Shaurya Vyas,Jalna,2025-06-03
101,Samaksh Uppal,Bardhaman,2024-04-10
102,Girish Pai,Noida,2023-12-10
103,Lila Minhas,Siwan,2024-05-22
104,Wazir Yohannan,Anand,2024-05-07
105,Aarav Bhardwaj,Varanasi,2024-06-29
106,Jairaj Comar,Nadiad,2024-12-04
107,Chandran Golla,Tumkur,2026-05-29
108,Divya Dani,Bathinda,2025-10-09
109,Samaksh Krish,Dindigul,2025-04-12
110,Patrick Choudhary,Mango,2025-10-27
111,Udant Trivedi,Indore,2025-09-19
112,Gautam Rau,Nadiad,2026-01-23
113,Devansh Muni,Bhimavaram,2023-11-29
114,Aayush Hayre,Hosur,2024-07-05
115,Frederick D’Alia,Rajahmundry,2025-09-19
116,Vamakshi Oak,Meerut,2024-06-15
117,Joshua Reddy,Ratlam,2023-11-06
118,Theodore Varghese,Sambhal,2025-03-11
119,Omya Majumdar,Adoni,2026-01-28
120,Kevin Tak,Raipur,2023-09-06
121,Vansha Naidu,Bharatpur,2025-09-29
122,Wriddhish Mody,Machilipatnam,2025-03-16
123,Ayushman Agrawal,Akola,2025-09-02
124,Varenya Sha,Sambalpur,2024-10-01
125,Logan Uppal,Danapur,2026-07-07
126,Chakradev Chatterjee,Morbi,2026-06-12
127,Yashodhara Sankar,Barasat,2026-01-04
128,Janaki Contractor,Barasat,2024-08-23
129,Anay Bal,Ramgarh,2023-07-20
130,Hitesh Gokhale,Warangal,2026-01-12
131,Balendra Purohit,Bulandshahr,2023-12-03
132,Upadhriti Gole,Ghaziabad,2024-05-18
133,Gauri Char,Nashik,2024-12-19
134,Idika Bera,Ghaziabad,2024-05-14
135,Saksham Bhatnagar,New Delhi,2025-02-28
136,Anthony Sama,Tadepalligudem,2024-09-09
137,Krishna Sule,Mira-Bhayandar,2023-08-30
138,Amruta Trivedi,Nashik,2024-01-05
139,Arjun Dave,Kurnool,2026-06-12
140,Kala Banerjee,Kota,2023-08-28
141,Mugdha Swaminathan,Nellore,2024-02-09
142,Avni Buch,Bhilwara,2024-09-04
143,Laksh Ratti,Dindigul,2026-03-10
144,Libni Yogi,Rohtak,2024-12-06
145,Manan Dash,Saharsa,2025-07-24
146,Gavin Vaidya,Kamarhati,2024-02-01
147,Fitan Chadha,Ambattur,2025-04-25
148,Vasatika Gole,Barasat,2024-03-21
149,Harish Nath,New Delhi,2023-07-23
150,Wishi Som,Saharanpur,2023-07-21
151,Wriddhish Sane,Mehsana,2025-09-03
152,Utkarsh Konda,Silchar,2024-11-18
153,Samarth Varughese,Jodhpur,2025-09-03
154,Zarna Bhardwaj,Nagaon,2026-07-02
155,Lekha Raghavan,Meerut,2023-09-18
156,Saksham Chaudhuri,Hospet,2026-03-20
157,Ridhi Mistry,Jehanabad,2026-06-28
158,Ekanta Barman,Tirupati,2023-07-18
159,Kritika Rau,Medininagar,2025-09-02
160,Reva Badal,Indore,2023-09-01
161,George Sridhar,Mumbai,2023-09-03
162,Kevin Kibe,Deoghar,2025-09-21
163,Meera Lad,Aurangabad,2025-07-05
164,Leena Yogi,Faridabad,2025-01-21
165,Anay Sagar,Ambala,2025-10-13
166,Robert Mannan,Shivpuri,2025-08-21
167,Warinder Konda,Muzaffarnagar,2025-06-28
168,Janaki Ahuja,Karimnagar,2023-07-11
169,Idika Mand,Bangalore,2025-12-12
170,Yug Bajaj,Raipur,2025-08-17
171,Utkarsh Cheema,Silchar,2024-06-07
172,Upkaar Tak,Hospet,2023-11-15
173,Charvi Vohra,Mysore,2026-03-30
174,Hema Borde,Bhiwandi,2025-07-26
175,Ayaan Acharya,Eluru,2025-05-08
176,Maya Sachdeva,Anantapuram,2024-04-06
177,Tanish Nori,Raiganj,2024-01-09
178,Shivansh Ranganathan,Bharatpur,2025-07-18
179,Jagvi Doshi,Delhi,2025-04-03
180,Xavier Saha,Rohtak,2024-07-24
181,Nathaniel Singh,Raichur,2025-03-28
182,Michael Walia,Davanagere,2023-12-18
183,Zayyan Srinivasan,Vijayawada,2026-05-13
184,Amara Loke,Tenali,2024-08-04
185,Jagdish Zachariah,Bhimavaram,2026-01-23
186,Hredhaan Bajaj,Ozhukarai,2024-02-02
187,Pavani Maharaj,Ozhukarai,2025-05-06
188,Kalpit Singh,Pudukkottai,2026-03-07
189,Saanvi Pal,Thoothukudi,2024-12-05
190,Zansi Sathe,Kolhapur,2025-11-01
191,Vrinda Dhawan,Khora,2026-07-03
192,Madhav Amble,Amritsar,2025-11-12
193,Irya Bhardwaj,Gandhinagar,2025-11-04
194,Zayyan Singhal,Bikaner,2026-03-22
195,Ekantika Tak,Udupi,2025-10-10
196,Manya Mammen,Bhilwara,2025-04-05
197,Ladli Maharaj,Ambarnath,2023-12-28
198,Yagnesh Mutti,Panvel,2026-06-22
199,Vansha Mani,Guntur,2024-06-29
200,Viraj Narain,Ludhiana,2026-03-08
201,Liam Pai,Jabalpur,2025-06-19
202,Simon D’Alia,Saharanpur,2025-10-18
203,Adya Chakraborty,Pudukkottai,2024-01-26
204,Liam Sachar,Surat,2024-01-15
205,Odika Agate,Jaipur,2023-10-03
206,Tanish Lanka,Gorakhpur,2024-01-24
207,Gauri Shanker,Bhusawal,2025-09-20
208,Bhavika Mannan,Pondicherry,2024-09-21
209,Yagnesh Srivastava,Dibrugarh,2024-11-01
210,Tanmayi Kala,Anantapur,2025-06-05
211,Pavani Karnik,Nagercoil,2024-05-29
212,Zaid Mahajan,Ozhukarai,2026-04-18
213,Chatura Mall,Karnal,2024-07-15
214,Odika Mangal,Yamunanagar,2025-10-16
215,Avni Mane,Ajmer,2024-09-26
216,Zarna Dua,Miryalaguda,2024-09-30
217,Viraj Ganesan,Etawah,2025-11-11
218,Chaitaly Bose,Jorhat,2025-01-06
219,Christopher Chad,Bettiah,2024-10-12
220,Leena Pillay,Madurai,2026-06-11
221,Nihal Bajwa,Eluru,2026-05-26
222,Krish Sankaran,Imphal,2024-06-22
223,Omkaar Buch,Nandyal,2025-10-31
224,Mohammed Gade,Eluru,2026-06-25
225,Reva Ram,Udaipur,2026-07-10
226,Triya Vasa,Uluberia,2026-07-02
227,Gaurang Divan,South Dumdum,2025-06-21
228,Michael Mander,Dhule,2023-07-12
229,Vasatika Goda,Gaya,2024-11-25
230,Reva Ramaswamy,Alwar,2025-02-22
231,Arya Thakkar,Uluberia,2024-05-25
232,Omkaar Virk,Coimbatore,2026-04-28
233,Elijah Kale,Khandwa,2026-06-09
234,Brijesh Edwin,Mahbubnagar,2025-11-08
235,Maanas Ganesan,Hyderabad,2026-05-29
236,Indali Loyal,Bangalore,2023-10-24
237,Lila Chacko,Kalyan-Dombivli,2024-02-08
238,Darsh Majumdar,Panvel,2023-07-28
239,Omya Shukla,Dewas,2025-04-12
240,Amol Gour,Maheshtala,2025-05-20
241,Ubika Chandra,Jamnagar,2025-12-31
242,Charan Gokhale,Surendranagar Dudhrej,2026-04-04
243,Gavin Bhatti,Aurangabad,2025-04-07
244,Gauri Dutt,Mangalore,2025-05-20
245,Deepa Raghavan,Hospet,2024-07-20
246,Ekaraj Lal,Muzaffarnagar,2025-04-19
247,Ishita Tiwari,Bhalswa Jahangir Pur,2026-04-03
248,Veda Atwal,Bhagalpur,2025-03-14
249,Hemani Edwin,Bongaigaon,2024-01-24
250,Lucky Narayanan,Tadepalligudem,2024-07-23
251,Logan Thaman,Rajkot,2024-10-19
252,Anirudh Saxena,Agartala,2023-11-17
253,Peter Dube,Barasat,2024-07-28
254,Gautami Hans,Bhiwani,2025-07-28
255,Indali Bhattacharyya,Dehri,2024-08-13
256,Nilima Kumer,Mau,2026-06-10
257,Azaan Dugar,Darbhanga,2026-01-08
258,Hardik Parikh,Hubli–Dharwad,2025-08-21
259,Nachiket Parmer,Vellore,2024-09-04
260,Charles Doshi,Madanapalle,2025-05-07
261,Irya Dugar,Ozhukarai,2024-07-10
262,Bhavna Mannan,Noida,2024-10-27
263,Zashil Buch,Thane,2025-04-28
264,Dhruv Luthra,Chapra,2023-09-12
265,Amruta Mallick,Mumbai,2024-04-11
266,Leela Acharya,Bangalore,2025-09-11
267,Ranveer Bora,Meerut,2025-04-23
268,Chaitanya Anne,Fatehpur,2024-07-03
269,Varsha Ravi,Faridabad,2025-02-02
270,Alka Om,Begusarai,2024-07-08
271,Udarsh Seshadri,Pondicherry,2024-08-07
272,Abha Krish,Madhyamgram,2023-08-29
273,Ekalinga Buch,Panipat,2025-05-23
274,Anika Swamy,Nellore,2023-12-20
275,Ria Radhakrishnan,Korba,2024-06-30
276,Wridesh Pillay,Rajkot,2025-12-04
277,Neha Ganguly,Machilipatnam,2025-12-20
278,Krishna Ahluwalia,Morena,2023-11-19
279,Naveen Mani,Hosur,2024-01-03
280,Jackson Chanda,Panchkula,2024-04-03
281,Guneet Pant,Siliguri,2023-07-21
282,Banjeet Modi,Solapur,2024-02-06
283,Benjamin Ben,Rajkot,2024-11-07
284,Raghav Dasgupta,Alappuzha,2024-03-18
285,Sachi Gaba,Proddatur,2026-05-25
286,Jatin Panchal,Raebareli,2024-05-29
287,Jairaj Parmar,Danapur,2026-01-25
288,Eiravati Ramakrishnan,Malegaon,2026-06-27
289,Samesh Prabhu,Kharagpur,2026-02-04
290,Vritti Dora,Kochi,2023-11-04
291,Pratyush Soman,Ramagundam,2025-02-23
292,Pranit Yohannan,Giridih,2026-06-14
293,Vedant Bansal,Tirunelveli,2024-05-31
294,Farhan Padmanabhan,Jamalpur,2024-06-30
295,Jagvi Prabhakar,Agartala,2025-10-19
296,Kashish Gokhale,Arrah,2024-11-19
297,Yug Behl,Davanagere,2024-08-15
298,Lila Sunder,Jalgaon,2025-12-23
299,Andrew Chada,Ramagundam,2023-07-20
300,Janaki Doctor,Ramagundam,2025-05-22
301,Sanaya Sangha,Pune,2026-02-23
302,Saumya Panchal,Meerut,2025-02-10
303,Vedhika Nayak,Sonipat,2026-02-23
304,Raagini Kalita,Giridih,2025-07-07
305,Isaiah Dada,Indore,2025-02-26
306,Sudiksha Sundaram,Hospet,2023-10-07
307,Rachita Sawhney,Pallavaram,2024-08-15
308,Gopal Luthra,Sultan Pur Majra,2026-05-07
309,Adweta Jayaraman,Solapur,2024-12-29
310,Anthony Choudhry,Pimpri-Chinchwad,2026-02-18
311,Akshay Kothari,Miryalaguda,2024-09-24
312,Samesh Sami,Bhubaneswar,2025-11-04
313,Shaurya Shroff,Guna,2024-03-01
314,Kiaan Agarwal,Hyderabad,2024-09-09
315,Ishwar Apte,Fatehpur,2024-06-15
316,Anirudh Rama,Gaya,2024-12-15
317,Nilima Loke,Chittoor,2025-11-29
318,Fitan Dhaliwal,Kadapa,2026-02-04
319,Naveen Kaul,Thrissur,2026-01-08
320,Vansha Chowdhury,Etawah,2024-11-08
321,Indrajit Kari,Rajpur Sonarpur,2024-08-02
322,Bhavani Morar,Varanasi,2026-03-02
323,Turvi Sood,Sagar,2025-04-13
324,Eiravati Golla,Jalgaon,2025-01-28
325,Hritik Gour,Salem,2026-01-27
326,Falak Chadha,Dibrugarh,2024-11-30
327,Charvi Devan,Aurangabad,2024-03-26
328,Ijaya Thaman,Thrissur,2025-03-29
329,Eshana Sur,Gurgaon,2026-02-19
330,Hemang Tak,Lucknow,2024-04-20
331,Chanakya Barman,Durg,2026-05-30
332,Nirja Gulati,Ichalkaranji,2024-10-18
333,Omisha Saran,Guna,2025-06-22
334,Charvi Prasad,Pudukkottai,2024-01-05
335,Balendra Joshi,Jamshedpur,2024-04-08
336,Oviya Sidhu,Karnal,2024-03-22
337,Aarush Saini,Fatehpur,2025-12-27
338,Gautami Kalla,Mango,2025-12-08
339,Dev Mandal,Proddatur,2024-10-30
340,Harinakshi Ravel,Panvel,2024-08-27
341,Abdul Andra,Kochi,2025-10-15
342,Wridesh Dass,Madhyamgram,2023-10-03
343,Vasatika Manne,Sambhal,2025-07-23
344,Advik Sheth,Haldia,2023-07-25
345,Divya Ratti,Raiganj,2025-07-06
346,Triya Dhaliwal,Silchar,2026-03-21
347,Qarin Garg,Mehsana,2024-08-14
348,Vihaan Uppal,Orai,2025-03-09
349,Priya Nagi,Haridwar,2026-06-26
350,Anmol Kashyap,Guntakal,2026-06-30
351,Pahal Soni,Pallavaram,2024-04-09
352,Aarnav Lad,Loni,2024-10-17
353,Sai Chokshi,South Dumdum,2026-02-15
354,Sai Lalla,Miryalaguda,2024-09-20
355,Gauri Amble,Khammam,2024-04-17
356,Zaitra Dua,Shimoga,2025-10-31
357,Hamsini Om,Kakinada,2023-12-21
358,Wakeeta Morar,Nagpur,2024-03-10
359,Oeshi Ghosh,Nanded,2026-03-19
360,Advika Babu,Dibrugarh,2024-06-27
361,Yauvani Balasubramanian,Pallavaram,2025-10-02
362,Keya Pandit,Purnia,2025-04-26
363,Lohit Hayer,Berhampur,2023-08-03
364,Krish Nadig,Kadapa,2023-10-20
365,Dhriti Varughese,Korba,2023-10-28
366,Anvi Kar,Ongole,2024-09-29
367,Yagnesh Thakkar,Gudivada,2026-05-13
368,Aahana Minhas,Vijayawada,2023-11-20
369,Darika Bora,Hindupur,2025-04-27
370,Atharv Bahri,Raurkela Industrial Township,2026-01-17
371,Yashawini Loke,Bahraich,2023-09-02
372,Charan Dewan,Ahmednagar,2026-05-01
373,Ranveer Gola,Tinsukia,2025-02-08
374,Om Sane,Haridwar,2026-07-05
375,Wishi Sarraf,Ichalkaranji,2025-05-24
376,Dipta Mohan,Bidhannagar,2026-06-14
377,Isaiah Upadhyay,Alwar,2024-11-27
378,Bhanumati Rajagopal,Buxar,2026-05-15
379,Frederick Jayaraman,Hubli–Dharwad,2026-01-31
380,Madhavi Dayal,Bhubaneswar,2024-10-09
381,Nirja Kuruvilla,Sambalpur,2025-10-16
382,Aarnav Pant,Baranagar,2024-07-28
383,Krishna Borra,Amaravati,2024-02-17
384,Damyanti Nair,Kirari Suleman Nagar,2026-04-23
385,Naksh Nagarajan,Navi Mumbai,2024-02-17
386,Libni Chawla,Ahmedabad,2024-04-05
387,Amruta Sheth,Ambala,2025-07-09
388,Gayathri Kale,Ulhasnagar,2023-11-09
389,Parth Mammen,Danapur,2026-03-06
390,Unni Date,Hindupur,2025-02-04
391,Imaran Korpal,Tiruppur,2025-02-17
392,Ridhi Rao,Agartala,2023-08-17
393,Ucchal Shan,Guntakal,2025-12-07
394,Jairaj Sarin,Bhagalpur,2025-10-16
395,Kala Hans,Thrissur,2025-10-08
396,Thomas Edwin,Bhopal,2026-04-12
397,Quincy Wable,Nellore,2024-03-24
398,Gautam Chopra,Sirsa,2026-03-21
399,Jalsa Vaidya,Berhampore,2024-09-07
400,Nikita Subramanian,Tinsukia,2025-04-01
401,Sai Keer,Ranchi,2026-03-06
402,Faris Khurana,Gandhinagar,2026-01-28
403,Jagrati Bhatnagar,Pondicherry,2024-04-06
404,Anusha Golla,Sasaram,2025-07-12
405,Siddharth Bhatnagar,Ichalkaranji,2025-04-28
406,Yug Dube,Naihati,2025-04-23
407,Ekansh Iyengar,Jamalpur,2025-08-03
408,Hemang Borde,Muzaffarpur,2025-08-04
409,Tarak Tandon,Berhampur,2023-12-15
410,Ethan More,Karimnagar,2026-02-23
411,Yashawini Gulati,Raurkela Industrial Township,2023-12-14
412,Sudiksha Saini,Phusro,2024-04-03
413,Ekalinga Dua,Amritsar,2025-05-21
414,Balendra Mody,Morena,2023-07-18
415,Nachiket Borah,Satara,2026-06-08
416,Abhiram Ahluwalia,Rohtak,2026-03-22
417,Darpan Murty,Guwahati,2024-07-25
418,Balhaar Korpal,Bidar,2025-12-11
419,Shivansh Rai,Karawal Nagar,2024-10-23
420,Harrison Mody,Bareilly,2023-10-05
421,Anjali Sani,Bikaner,2024-08-03
422,Ekaja Sachar,Durgapur,2026-05-18
423,Teerth Mandal,Medininagar,2024-06-25
424,Madhavi Chanda,Phagwara,2025-10-04
425,Pranit Dugar,Khora,2024-08-22
426,Falan Sankar,Bhilwara,2023-12-17
427,Damini Shere,Shahjahanpur,2023-08-03
428,Jhalak Tripathi,Ongole,2024-04-19
429,Adweta Mohanty,Chandrapur,2026-07-07
430,Agastya Johal,Mango,2025-10-26
431,Balveer Panchal,Shivpuri,2026-01-02
432,Naveen Varkey,Madhyamgram,2025-01-26
433,Aishani Balay,Bhilai,2026-06-05
434,Thomas Sathe,South Dumdum,2023-07-31
435,Kabir Kaul,Ichalkaranji,2023-12-30
436,Harish Sekhon,Nangloi Jat,2024-11-14
437,Nathaniel Kumar,Chinsurah,2024-01-30
438,Victor Sane,Sambhal,2025-06-15
439,Prisha Karpe,Jalna,2026-04-02
440,Warjas Sinha,Kanpur,2025-10-20
441,Vanya Bali,Nashik,2023-07-30
442,Maanas Nagarajan,Ahmedabad,2024-06-21
443,Lila Dutta,Hajipur,2025-05-24
444,Oliver Khalsa,Silchar,2024-01-02
445,Yatin Dugar,Guna,2025-10-29
446,Chameli Saxena,Pudukkottai,2023-07-12
447,Anusha Wason,Kavali,2025-06-18
448,Samuel Kari,Madanapalle,2026-05-20
449,Vyanjana Sachdeva,Rampur,2024-11-30
450,Vrinda Kothari,Asansol,2024-10-08
451,Raghav Behl,Ramgarh,2023-08-27
452,Zayyan Walia,Vadodara,2024-10-14
453,Ethan Dugal,Siliguri,2023-07-30
454,Saanvi Sharaf,Bhilwara,2025-11-18
455,Anvi Basu,Muzaffarnagar,2025-11-16
456,Hemang Jha,Vijayanagaram,2024-10-21
457,Azad Walla,Gwalior,2025-01-01
458,Adweta Gokhale,Sri Ganganagar,2024-07-13
459,Netra Tara,Rourkela,2024-11-12
460,Gaurang Bahri,Kalyan-Dombivli,2025-10-01
461,Avi Nazareth,Katni,2024-03-05
462,Zansi Dass,Moradabad,2024-03-28
463,Om Bhagat,Kota,2026-06-26
464,Ranbir Kala,Kolhapur,2026-01-06
465,Arya Mall,Kanpur,2025-08-31
466,Zaid Brar,Nizamabad,2023-08-02
467,Samaksh Kibe,Shivpuri,2024-11-11
468,Pranit Pradhan,Kolkata,2026-05-15
469,Omisha Choudhry,Proddatur,2026-05-15
470,Timothy Suri,Ghaziabad,2023-09-12
471,Anay Dube,Amaravati,2023-07-17
472,Chandresh Bajwa,Siwan,2024-06-09
473,Gunbir Yogi,Faridabad,2023-07-19
474,Zaitra Gala,Korba,2024-08-17
475,Saumya Peri,Raichur,2025-07-21
476,Charita Keer,Arrah,2024-01-08
477,Abhimanyu Chopra,Malegaon,2026-03-24
478,Onveer Mann,Hosur,2026-04-28
479,Nilima Oza,Davanagere,2024-03-05
480,Charvi Sen,Jabalpur,2024-09-13
481,Sanya Raj,Bhind,2024-02-22
482,Shivansh Mand,Kolkata,2026-03-10
483,Rehaan Rai,Indore,2025-01-06
484,Champak Karan,Bangalore,2024-11-06
485,Sanaya Badal,Rajahmundry,2026-03-16
486,Suhani Tandon,Akola,2026-01-25
487,Vasudha Singh,Khora,2025-05-29
488,Gunbir Kaur,Ghaziabad,2024-11-23
489,Ojas Pradhan,Loni,2024-04-15
490,Chatresh Cherian,Nellore,2023-12-03
491,Arya Bawa,Nanded,2025-07-25
492,Alka Yohannan,Kirari Suleman Nagar,2025-03-07
493,Ayush Minhas,Arrah,2024-01-01
494,Urvashi Ram,Raurkela Industrial Township,2023-12-09
495,Lavanya Khosla,Bhubaneswar,2023-11-14
496,Yashasvi Dara,Bijapur,2025-05-29
497,Aishani Kohli,Bongaigaon,2024-12-23
498,Oviya Arya,Vadodara,2023-11-21
499,Siddharth Bansal,Guwahati,2026-07-09
500,Xalak Chaudhuri,Rajahmundry,2025-02-24
501,Veer Kakar,Chittoor,2025-10-02
502,Elijah Raghavan,Jaunpur,2026-01-27
503,Harshil Gopal,Bijapur,2025-03-31
504,Hiral Reddy,Gurgaon,2023-10-24
505,Faras Mitra,Vadodara,2026-03-09
506,Falak Natarajan,Motihari,2025-03-31
507,Turvi Jayaraman,Tenali,2023-10-13
508,Yochana Goswami,Phagwara,2026-06-24
509,Ladli Borah,Kolhapur,2024-08-18
510,Bhavna Chaudhuri,Howrah,2025-08-06
511,Krisha Madan,Dibrugarh,2023-10-01
512,Isha Goyal,Hajipur,2025-02-19
513,Adya Setty,Madhyamgram,2025-07-08
514,Omaja Gour,Barasat,2025-06-30
515,Theodore Sha,Gorakhpur,2024-01-25
516,Garima Murthy,Anand,2025-08-08
517,Rehaan Kuruvilla,Bardhaman,2025-07-03
518,Jagdish Nadkarni,Srikakulam,2025-01-26
519,Mohini Saini,Warangal,2025-01-17
520,Yash Thakur,Darbhanga,2025-01-29
521,Manan Mangat,Singrauli,2025-05-17
522,Edhitha Thakur,Rohtak,2023-08-14
523,Yagnesh Bail,Machilipatnam,2025-11-15
524,Joshua Jaggi,Bhiwandi,2025-04-17
525,Atharv Dhar,Gaya,2023-11-27
526,Krishna Ahuja,Adoni,2024-02-22
527,Kashvi Ganesh,Ambala,2025-11-11
528,Amaira Sankar,Amravati,2024-06-25
529,Tanish Sami,Machilipatnam,2025-05-13
530,Radhika Mutti,Kadapa,2024-01-19
531,Samaksh Arya,Ratlam,2023-10-12
532,Lekha Bhatia,Jamshedpur,2024-04-21
533,Harini Kaur,Vasai-Virar,2025-08-01
534,Omisha Maharaj,Bilaspur,2025-06-05
535,Amaira Mody,Nagaon,2024-11-16
536,Mason Ben,Katihar,2023-09-24
537,Onveer Bera,Khora,2025-12-06
538,Hemangini Venkatesh,Bally,2026-06-12
539,Caleb Banik,Bhimavaram,2024-08-19
540,Omaja Apte,Narasaraopet,2026-03-02
541,Lila Sathe,Jhansi,2023-08-31
542,Madhavi Rege,Vellore,2024-09-13
543,Karan Kata,Pimpri-Chinchwad,2025-06-04
544,Balvan Mann,Singrauli,2024-03-30
545,Odika Varma,Bhopal,2024-08-28
546,Vrinda Prashad,Saharsa,2025-09-27
547,Imaran Bala,Mangalore,2026-07-05
548,Alka Munshi,Ambattur,2025-03-04
549,Shaurya Kapur,Bhilwara,2024-08-01
550,Chavvi Deshmukh,Karaikudi,2026-01-31
551,Gabriel Lalla,Shimla,2024-09-26
552,Yahvi Kumer,Visakhapatnam,2026-04-25
553,Ishwar Ravel,Tiruvottiyur,2024-12-30
554,Tanmayi Taneja,Kakinada,2025-11-25
555,Azad Shere,Pali,2025-05-21
556,Eesha Dayal,Morbi,2025-10-02
557,Krishna Bhakta,Vadodara,2023-12-06
558,Isaiah Vyas,Saharsa,2025-05-15
559,Pranit Jhaveri,Nangloi Jat,2026-03-09
560,Gaurangi Srivastava,Gudivada,2025-04-12
561,Chandresh Pall,Noida,2025-09-11
562,Laban Chaudry,Kalyan-Dombivli,2025-03-03
563,Shaurya Vohra,Naihati,2025-07-06
564,Nidhi Vohra,Mau,2024-07-09
565,Chakradhar Sani,Aurangabad,2023-11-24
566,Zansi Dey,Hubli–Dharwad,2025-02-28
567,Kabir Chaudhary,Farrukhabad,2024-03-03
568,Lucky Sarna,Kolkata,2023-09-08
569,Mekhala Uppal,Mathura,2025-11-29
570,Tamanna Kapadia,Nagercoil,2026-03-02
571,Lucky Sandhu,Katihar,2025-08-16
572,Yoshita Hegde,Arrah,2024-06-09
573,Rachana Babu,Panvel,2023-10-01
574,Varsha Natarajan,Gandhinagar,2026-03-08
575,Vritti Apte,Kirari Suleman Nagar,2025-10-07
576,Qarin Dasgupta,Mahbubnagar,2025-08-30
577,Hemangini Arya,Korba,2024-01-21
578,Yuvraj Mann,Kulti,2025-01-13
579,Zehaan Sampath,Junagadh,2025-12-31
580,Aachal Peri,Burhanpur,2025-12-02
581,Rehaan Toor,Kolhapur,2025-06-19
582,Falak Thaman,Jalna,2026-02-12
583,Varenya Minhas,Chandrapur,2026-05-31
584,Darsh Sant,Chandrapur,2026-04-15
585,Warinder Choudhry,Siwan,2025-05-12
586,Orinder Badal,Narasaraopet,2025-12-15
587,Faraj Sandhu,Hubli–Dharwad,2025-02-04
588,Chasmum Gala,Mango,2025-04-15
589,Wriddhish Dua,Satara,2025-02-13
590,Ekbal Bala,Tiruppur,2026-05-18
591,Mason Suri,Giridih,2025-01-25
592,Leela Vig,Bharatpur,2025-12-29
593,Simon Parikh,Ranchi,2024-12-30
594,Omisha Chatterjee,Kolkata,2025-07-24
595,Robert Borde,Visakhapatnam,2023-10-20
596,Krish Mahajan,Meerut,2025-08-08
597,Yauvani Chada,Kavali,2023-07-15
598,Hamsini Memon,Muzaffarpur,2025-08-26
599,Dayamai Nanda,Eluru,2025-09-24
600,Ekiya Mani,Korba,2023-10-27
601,Omaja Samra,Aurangabad,2025-12-22
602,Ikshita Kulkarni,Madanapalle,2025-02-11
603,Banjeet Kaur,Rewa,2025-05-24
604,Vritti Dhar,Gandhinagar,2023-08-21
605,Yoshita Chaudry,Noida,2025-08-17
606,Ekiya Vaidya,Ambattur,2025-04-01
607,Yashica Naidu,Mango,2024-02-07
608,Gavin Chada,Agra,2023-12-04
609,Faqid Zacharia,Anantapur,2024-04-26
610,Bishakha Suresh,Visakhapatnam,2023-09-19
611,Panini Sathe,Fatehpur,2025-06-06
612,Kashvi Boase,Agra,2025-12-17
613,Riya Deshpande,Erode,2025-03-04
614,Nakul Manda,Jamalpur,2023-07-12
615,Chatura Sathe,Kochi,2024-08-22
616,Naveen Bhatia,Hyderabad,2024-06-07
617,Kavya Gour,Nandyal,2024-04-08
618,Arunima Cheema,Gulbarga,2026-06-21
619,Manthan Shanker,Chittoor,2026-05-20
620,Idika Sandhu,Kottayam,2025-03-02
621,Dhriti Padmanabhan,Hyderabad,2025-04-17
622,Jonathan Sood,Bhopal,2025-12-01
623,Vasudha Das,Gaya,2024-05-07
624,Vihaan Johal,Mau,2023-09-03
625,Vrishti Goda,Ghaziabad,2026-06-21
626,Chameli Nath,Sambhal,2025-03-30
627,Arunima Rama,Amaravati,2025-06-11
628,Zayan Tank,Kishanganj,2024-02-04
629,Upma Arya,Bongaigaon,2023-11-15
630,Aarush Sur,Jehanabad,2026-07-04
631,Yash Dayal,Durgapur,2026-01-29
632,Abha Rajan,Karimnagar,2023-09-01
633,Keya Shah,Amravati,2024-08-13
634,Faris Shan,Gaya,2024-05-24
635,Sara Padmanabhan,Bareilly,2026-03-24
636,Abhimanyu Mann,Ujjain,2024-07-04
637,Sai Thakkar,Agra,2024-06-16
638,Dayita Pal,Giridih,2025-08-06
639,Patrick Narasimhan,Gulbarga,2026-02-14
640,Zansi Talwar,Warangal,2025-08-29
641,Benjamin Salvi,Kota,2025-01-10
642,Vasana Oza,Madanapalle,2023-10-07
643,Deepa Pradhan,Medininagar,2023-08-17
644,Yashodhara Kapadia,Ajmer,2024-10-07
645,Baghyawati Dash,Jamshedpur,2026-03-05
646,Aryan Koshy,Pimpri-Chinchwad,2023-12-03
647,Edhitha Bansal,Gudivada,2024-12-30
648,Deepa Chand,Agra,2023-10-03
649,Pranit Kadakia,Ujjain,2024-08-29
650,Bahadurjit Zachariah,Adoni,2025-12-27
651,Nandini Kaur,Sangli-Miraj & Kupwad,2025-08-10
652,Gaurangi Parmar,Guna,2025-10-03
653,Nidhi Badal,Singrauli,2025-01-23
654,Onkar Peri,Delhi,2024-05-18
655,Megha Setty,Vadodara,2024-10-14
656,Sai Radhakrishnan,Sasaram,2024-10-15
657,Dayamai Munshi,Adoni,2026-05-29
658,Rudra Bhatnagar,Bidar,2025-09-14
659,Caleb Rai,Tenali,2023-08-05
660,Suhani Panchal,Rajkot,2023-11-20
661,Samaksh Parikh,Parbhani,2024-01-27
662,Tamanna Dua,Tumkur,2024-01-23
663,Raagini Kala,Durgapur,2026-02-17
664,Henry Manda,Muzaffarpur,2024-10-20
665,Gautami Tiwari,Pallavaram,2024-08-02
666,Dayamai Dora,Bhavnagar,2025-09-06
667,Mason Bhatnagar,Durg,2024-09-04
668,Jagdish Bains,Varanasi,2024-02-26
669,Gopal Chaudhuri,Panvel,2026-01-01
670,Kashvi Nadkarni,Nagercoil,2025-05-31
671,Ekantika Sachdeva,Pali,2023-08-15
672,Yash Pal,Tirupati,2023-11-27
673,Mahika Kumer,Lucknow,2025-06-29
674,Ryan Char,Raiganj,2024-09-10
675,Saumya Pal,Karnal,2023-12-04
676,Zaid Pai,Gurgaon,2024-10-17
677,Falak Vasa,Dehradun,2025-04-09
678,Praneel Tank,Kharagpur,2026-05-26
679,Garima Sehgal,Muzaffarpur,2024-01-18
680,Tanish Pandey,Maheshtala,2024-02-28
681,Gagan Seshadri,Surendranagar Dudhrej,2025-09-29
682,Zaid Viswanathan,Berhampur,2025-05-17
683,Raghav Garg,Vijayawada,2025-01-10
684,Jhalak Khare,Bijapur,2025-11-14
685,Chaitanya Walia,Rajpur Sonarpur,2023-07-19
686,Abdul Issac,Karimnagar,2023-10-26
687,Zansi Shenoy,Gurgaon,2025-11-29
688,Anvi Pau,Aizawl,2026-05-19
689,Harshil Badal,Raichur,2026-04-15
690,Christopher Acharya,Kolkata,2024-06-04
691,Faras Anand,Noida,2024-07-31
692,Zinal Murty,Mango,2025-03-30
693,Raghav Ramakrishnan,Parbhani,2024-07-01
694,Qarin Seshadri,Delhi,2026-03-17
695,Geetika Brahmbhatt,Chennai,2024-07-26
696,Gopal Raju,Loni,2023-09-06
697,Ansh Arya,Motihari,2025-06-14
698,Mitali Mahal,Nizamabad,2024-09-01
699,Vanya Ben,North Dumdum,2024-02-09
700,Dakshesh Banik,Agra,2024-07-08
701,Urishilla Khanna,Alappuzha,2024-06-03
702,Gaurika Patil,Raipur,2025-04-01
703,Simon Goyal,Akola,2025-07-10
704,Vrinda Dugar,Khammam,2024-06-07
705,Patrick Mand,Sikar,2024-07-20
706,Tanvi Bumb,Etawah,2024-10-24
707,Anay Grover,Panihati,2026-02-25
708,Ekapad Mohan,Motihari,2024-02-28
709,Brinda Saraf,Gangtok,2023-07-11
710,Ayushman Bail,Noida,2025-10-24
711,Jeevika Shroff,Nagercoil,2024-10-30
712,Vrishti Natarajan,Jaipur,2024-11-03
713,Hritik Wali,Singrauli,2026-04-29
714,Zehaan Bala,Moradabad,2024-09-07
715,Wahab Desai,Navi Mumbai,2024-03-04
716,Gaurang Mukhopadhyay,Begusarai,2025-11-05
717,Tamanna Dube,Coimbatore,2026-06-02
718,Garima Mannan,Kota,2026-04-08
719,Rachana Natarajan,Mehsana,2024-06-29
720,Ronith Gara,Phagwara,2025-10-06
721,Udyati Ganesan,Munger,2025-12-02
722,Ishita Som,Guntakal,2026-04-04
723,Zayyan Vig,Dhanbad,2026-06-21
724,Wriddhish Pradhan,Mahbubnagar,2024-10-27
725,Indrajit Dugar,Motihari,2025-06-25
726,Jyoti Thaman,Chapra,2023-10-22
727,Jhalak Srinivas,Korba,2024-05-13
728,Vasudha Kuruvilla,Kolhapur,2025-04-12
729,Wriddhish Sethi,Thoothukudi,2026-03-25
730,Falguni Khanna,Hospet,2026-05-22
731,Zaitra Morar,Saharanpur,2025-05-27
732,Ranbir Mukherjee,Bally,2024-07-27
733,Faraj Dara,Hospet,2024-08-05
734,Mohini Mand,Salem,2023-08-20
735,Ryan Ray,Agartala,2026-04-04
736,Vasana Oak,Gaya,2023-07-12
737,Irya Ramakrishnan,Srinagar,2026-02-28
738,Yatin Bal,Karimnagar,2023-09-28
739,Lila Sastry,Ramgarh,2024-09-03
740,Bhavika Kota,Jodhpur,2026-06-05
741,Gaurang Saxena,Jalandhar,2025-08-12
742,Lucky Dugal,Baranagar,2025-01-11
743,Kritika Divan,Solapur,2024-04-04
744,Vansha Patel,Dharmavaram,2024-09-13
745,Qasim Bhatia,Eluru,2024-09-17
746,Jalsa Sahni,Bellary,2024-02-04
747,Ijaya Bhargava,Secunderabad,2024-07-01
748,Indrajit Sridhar,Mirzapur,2025-06-25
749,Indali Behl,Indore,2025-06-11
750,Rushil Chowdhury,Karnal,2025-12-20
751,Om Chauhan,Mumbai,2025-11-02
752,Shravya Sanghvi,Shivpuri,2024-01-11
753,Gautam Madan,Davanagere,2025-06-05
754,Logan Bumb,Aligarh,2026-01-27
755,Vasatika Kumer,Chandrapur,2026-01-31
756,Odika Bail,Sikar,2024-10-16
757,Lopa Sanghvi,Vasai-Virar,2026-01-30
758,Thomas Gole,Purnia,2026-05-06
759,Vrishti Babu,Sultan Pur Majra,2025-11-28
760,Pahal Shanker,Nagercoil,2025-07-11
761,Raksha Char,Saharanpur,2026-01-06
762,Kabir Mahal,Jalandhar,2025-03-29
763,Abha Jain,Shahjahanpur,2024-11-29
764,Vasana Mahajan,Karaikudi,2024-08-01
765,Dhruv Rama,Ambala,2024-12-28
766,Noah Parmar,Bulandshahr,2026-02-04
767,Upkaar Kothari,Ichalkaranji,2023-11-04
768,Januja Mishra,Visakhapatnam,2023-10-12
769,Jonathan Roy,Sangli-Miraj & Kupwad,2025-09-28
770,Urishilla Jaggi,Guntur,2024-03-05
771,Chakrika Varma,Guntakal,2025-08-04
772,Onveer Rai,Jalna,2025-08-16
773,Arunima Natarajan,Kanpur,2024-09-09
774,Rachita Kashyap,Gaya,2026-03-24
775,Tanveer Sunder,Sri Ganganagar,2023-10-09
776,Abhiram Rai,Ajmer,2024-05-20
777,Rudra Majumdar,North Dumdum,2025-03-30
778,Ojasvi Gala,Tinsukia,2024-03-30
779,Ikshita Atwal,Tinsukia,2025-02-22
780,Raksha Kapadia,Berhampur,2023-12-16
781,Zaid Mitter,Siliguri,2024-01-12
782,Manthan Sarma,Berhampur,2024-08-04
783,Ria Sidhu,Sultan Pur Majra,2026-02-23
784,Balvan Dewan,Tadepalligudem,2024-01-09
785,Vihaan Sheth,Hindupur,2025-07-21
786,Hema Basak,Cuttack,2026-05-02
787,Vansha Nayak,Delhi,2024-03-04
788,Tanmayi Kumer,Bhilai,2023-11-22
789,Indira Bora,Gandhinagar,2025-07-10
790,Omya Jhaveri,Jabalpur,2024-10-11
791,Anita Sheth,Morena,2024-06-22
792,Harshil Karnik,Anantapuram,2025-11-07
793,Balhaar Kala,Hubli–Dharwad,2026-04-22
794,Aarna Agate,Tezpur,2024-09-10
795,Zehaan Pillay,Barasat,2024-11-29
796,Tamanna Arya,Bellary,2024-06-09
797,Hema Uppal,Kishanganj,2025-05-09
798,Avi Kohli,Hajipur,2024-09-02
799,Yatan Pandya,Kochi,2024-06-19
800,Luke Bahri,Pallavaram,2025-04-27
801,Jasmit Pai,Orai,2026-06-26
802,Fariq Trivedi,Sonipat,2025-09-01
803,Omkaar Bal,Varanasi,2026-01-18
804,Tejas Parikh,Gandhidham,2024-03-26
805,Chasmum Banerjee,Ujjain,2024-11-30
806,Wazir Char,Jamnagar,2026-02-18
807,Samarth Contractor,Khammam,2025-07-12
808,Omaja Pillai,Karnal,2025-11-10
809,Gagan Koshy,Raurkela Industrial Township,2023-10-04
810,Jagat Viswanathan,Mumbai,2023-11-02
811,Jasmit Bajwa,Satara,2023-09-16
812,Quincy Sha,Chandigarh,2023-11-02
813,Sarthak Lall,Ballia,2025-11-15
814,Henry Parmer,Raebareli,2024-03-28
815,Anmol Yadav,Rohtak,2025-04-18
816,Advika Chowdhury,Deoghar,2024-03-31
817,Ishaan Tella,Ballia,2025-12-14
818,Neel Andra,Tiruchirappalli,2026-06-15
819,Daksha Baria,Bihar Sharif,2024-10-25
820,Girindra Shroff,Nellore,2023-07-19
821,Ethan Mukherjee,Gopalpur,2024-11-01
822,Vedika Borah,Mangalore,2025-01-30
823,Gautam Magar,Sambalpur,2025-10-12
824,Ucchal Trivedi,Gaya,2023-12-22
825,Om Deep,Mango,2024-11-13
826,Raksha Swaminathan,Patiala,2025-06-15
827,Pratyush Chatterjee,Thane,2025-09-14
828,Kevin Bhatti,Morbi,2025-12-30
829,Gauri Bal,Kulti,2023-09-03
830,Dipta Hegde,Ahmednagar,2023-10-19
831,Oviya Mody,Bulandshahr,2023-11-01
832,Anjali Tandon,Ghaziabad,2025-07-01
833,Sanya Saran,Bahraich,2025-04-02
834,Hitesh Palan,Thrissur,2025-11-21
835,Krishna Chatterjee,Ahmedabad,2025-11-07
836,Alexander Sangha,Guna,2026-03-30
837,Rishi Hans,Siliguri,2024-04-29
838,Leela Ranganathan,Warangal,2026-06-29
839,Bakhshi Edwin,Indore,2023-08-01
840,Ekantika Malhotra,Malda,2024-09-05
841,Vrishti Dalal,Thoothukudi,2025-05-13
842,Krisha Nazareth,Dhanbad,2023-08-14
843,Netra Vora,Purnia,2024-06-18
844,Vamakshi Nigam,Aligarh,2026-07-10
845,Dev Hari,Erode,2025-07-03
846,Siya Narain,Jamnagar,2026-07-06
847,Zayyan Sant,Buxar,2024-11-29
848,Wridesh Kakar,Khora,2026-04-29
849,Bishakha Ben,Nadiad,2025-03-02
850,Ojas Nazareth,Suryapet,2024-01-15
851,Krisha Nadkarni,Bettiah,2024-06-11
852,Krishna Khatri,Kollam,2025-01-07
853,Orinder Nagy,Bettiah,2024-05-07
854,Omya Bhatti,Burhanpur,2025-03-18
855,Jacob Shah,Khammam,2025-08-03
856,Omya Mody,Bhimavaram,2025-03-28
857,Pushti Tripathi,Kulti,2025-01-25
858,Aarna Om,Gandhinagar,2024-11-02
859,Girindra Sem,Pali,2024-01-12
860,Diya Jhaveri,Raebareli,2023-12-24
861,Amrita Parmer,Shivpuri,2024-08-16
862,Alka Ramakrishnan,Surendranagar Dudhrej,2025-10-16
863,Tarak Sahni,Darbhanga,2023-12-14
864,Inaya Gala,Rohtak,2025-06-27
865,Jagrati Shenoy,Phagwara,2024-04-26
866,Wazir Venkataraman,Amritsar,2024-04-28
867,Rushil Dash,Satna,2024-02-04
868,Aryan Ray,Vasai-Virar,2023-08-25
869,Harsh Bal,Karaikudi,2024-05-06
870,Aradhana Divan,Sikar,2024-10-27
871,Divya Chopra,Tezpur,2026-01-06
872,Dipta Doctor,Ambattur,2025-10-02
873,Jai Sodhi,Bijapur,2025-01-01
874,Umang Malhotra,Munger,2024-07-08
875,Zaid Ramakrishnan,Gandhidham,2025-06-01
876,Ekanta Din,Mumbai,2023-11-12
877,Nathan Mahal,Bellary,2024-07-01
878,Xiti Sodhi,Avadi,2024-08-25
879,Karan Gill,Orai,2024-09-25
880,Nisha Sehgal,Hajipur,2026-06-23
881,Gauri Dalal,Jalandhar,2025-08-06
882,Tanay Kalita,Asansol,2024-03-27
883,Ojasvi Baral,Bhagalpur,2026-05-22
884,Charita Barad,Morena,2026-02-14
885,Isaac Sachar,Adoni,2023-10-17
886,Ethan Rajan,Jabalpur,2024-01-30
887,Gagan Rai,Morena,2024-04-02
888,Alka Bhatnagar,Vadodara,2025-01-15
889,Abha Shanker,Ludhiana,2025-01-24
890,Faqid Kala,Etawah,2023-09-10
891,Xalak Venkatesh,Jamshedpur,2024-01-01
892,Patrick Ramesh,Bhind,2025-09-07
893,Waida Pandey,Kota,2026-06-01
894,Victor Hari,Vijayawada,2023-11-21
895,Vinaya Ghose,Kirari Suleman Nagar,2024-06-03
896,Reyansh Krishnamurthy,Berhampur,2023-11-20
897,Victor Varkey,Kamarhati,2024-05-17
898,George Prabhakar,Dindigul,2024-04-16
899,Logan Lalla,Katihar,2024-08-16
900,Watika Shere,Indore,2025-05-14
901,Hemani Wali,Tezpur,2026-05-29
902,Divya Merchant,Rohtak,2023-07-11
903,Kamya Warrior,Bokaro,2025-05-05
904,Sarthak Lad,Jammu,2025-08-04
905,Zilmil Master,Tezpur,2024-08-22
906,Gabriel Karpe,Ozhukarai,2023-11-02
907,Jacob Mital,Bettiah,2024-05-25
908,Ayaan Kumar,Tiruppur,2025-10-05
909,Bachittar Deol,Ahmedabad,2023-11-26
910,Ojasvi Bala,Ulhasnagar,2024-12-01
911,Isaac Thakkar,Srikakulam,2026-02-01
912,Sarthak Om,Patna,2023-10-28
913,Yoshita Kant,Raebareli,2024-06-26
914,Alka Kara,Bhind,2024-02-24
915,Irya Dasgupta,Raipur,2023-10-04
916,Eta Raj,Thrissur,2023-07-12
917,Yashoda Nanda,Mirzapur,2024-11-15
918,Yashasvi Saran,Ujjain,2024-03-02
919,Aishani Pillay,Panihati,2025-01-25
920,Anvi Kota,Jabalpur,2024-12-14
921,Keya Chakrabarti,Bhiwani,2025-09-27
922,Lucky Suri,Begusarai,2024-12-14
923,Nakul Nagy,Shimla,2024-10-16
924,Wakeeta Chawla,Bulandshahr,2025-01-25
925,Yatan Anand,Warangal,2026-06-11
926,Kevin Biswas,Davanagere,2026-04-01
927,Odika Sawhney,Jehanabad,2024-06-09
928,Damini Rattan,Ramgarh,2025-10-09
929,Triveni Batta,Tadipatri,2026-02-10
930,Krishna Thaman,Bhatpara,2025-06-05
931,Dayita Sanghvi,Kadapa,2025-11-12
932,Sanya Madan,Mumbai,2025-05-04
933,Yatin Hari,Surendranagar Dudhrej,2025-12-25
934,Madhav Wagle,Ulhasnagar,2023-10-04
935,Brinda Peri,Darbhanga,2024-06-27
936,Anirudh Tandon,Raebareli,2024-04-15
937,Ridhi Bawa,Chennai,2025-08-19
938,Dakshesh Hans,Bidhannagar,2025-10-18
939,Pooja Rana,Kozhikode,2024-11-02
940,Naksh Naidu,Surendranagar Dudhrej,2024-09-25
941,Yutika Sharaf,Varanasi,2025-11-27
942,Yoshita Sehgal,Mahbubnagar,2025-04-01
943,Harini Varughese,Bhilwara,2025-02-28
944,Widisha Swaminathan,Tiruchirappalli,2023-11-14
945,Jeremiah Cheema,Tumkur,2025-07-01
946,Manbir Viswanathan,Sri Ganganagar,2024-04-02
947,Gaurav Talwar,Chittoor,2024-11-06
948,Zaid Som,Bikaner,2026-01-03
949,Harrison Khurana,Guntur,2024-04-09
950,Rachana Sachdeva,Kochi,2025-07-19
951,Varsha Chaudhuri,Serampore,2024-01-12
952,Praneel Jhaveri,Tirupati,2023-09-10
953,Pratyush Mall,Ramagundam,2025-12-20
954,Vivaan Sachar,Kakinada,2025-07-26
955,Oviya Bora,Meerut,2026-04-12
956,Ranveer Rajagopal,Kolhapur,2026-01-11
957,Urvashi Sidhu,Kavali,2024-12-03
958,Jackson Madan,Danapur,2024-12-30
959,Dev Sahota,Surat,2024-04-23
960,Gaurangi Grover,Aligarh,2026-06-16
961,Ojasvi Dhar,Secunderabad,2024-05-14
962,Nikita Tata,Sonipat,2026-04-19
963,Shravya Mandal,Kadapa,2025-11-30
964,Shravya Ravi,Ludhiana,2025-05-24
965,Tanmayi Bhatnagar,Salem,2024-07-27
966,Zarna Nayak,Serampore,2026-06-19
967,Ati Ahluwalia,Chapra,2026-01-29
968,Gautam Tata,Vijayawada,2024-11-04
969,Qushi Gokhale,Muzaffarnagar,2025-05-15
970,Krisha Setty,Mathura,2025-12-18
971,Aarav Sabharwal,Vijayanagaram,2023-11-03
972,Harita Apte,Muzaffarpur,2024-06-16
973,Darika Narayan,Sirsa,2025-12-31
974,Sara Anand,Morbi,2026-06-21
975,Champak Narang,Jammu,2024-11-14
976,Raksha Koshy,Phusro,2025-10-23
977,Nitara Sachar,Aurangabad,2025-11-01
978,Upkaar Chauhan,Singrauli,2025-06-05
979,Chaitaly Chauhan,Rajpur Sonarpur,2024-04-27
980,Harita Maharaj,Ahmedabad,2023-10-23
981,Qushi Andra,Dhanbad,2026-05-27
982,Gaurika Ganguly,Bhagalpur,2026-04-23
983,Anamika Dutta,Thiruvananthapuram,2023-10-22
984,Hemal Dash,Uluberia,2025-07-30
985,Aarini Zachariah,Eluru,2026-04-25
986,Neha Rajan,Hospet,2024-05-02
987,Kai Bhat,Mathura,2025-01-29
988,Osha Bir,Guntakal,2025-01-24
989,Janani Sridhar,Gudivada,2025-11-17
990,Nisha Dugar,Avadi,2024-12-15
991,Madhavi Bhasin,Farrukhabad,2025-07-13
992,Lucky Krish,Panvel,2024-07-15
993,Chatresh Sule,Ahmedabad,2023-10-19
994,Gaurang Ahluwalia,Khandwa,2024-05-06
995,Ansh Dave,Bangalore,2026-06-18
996,Zansi Brahmbhatt,Begusarai,2025-12-10
997,Lipika Prakash,Vijayawada,2026-04-11
998,Tanmayi Mallick,Panchkula,2025-01-12
999,Advika Contractor,Berhampur,2025-10-02
1000,Yamini Narula,Meerut,2023-11-02
